{
    "type": "FeatureCollection",
    "features": [
        {
            "type": "Feature",
            "geometry": {
                "type": "Polygon",
                "coordinates": [
                    [
                        [
                            2.370022,
                            48.87918
                        ],
                        [
                            2.370104,
                            48.87916
                        ],
                        [
                            2.370107,
                            48.878841
                        ],
                        [
                            2.370073,
                            48.878841
                        ],
                        [
                            2.370027,
                            48.878828
                        ],
                        [
                            2.370022,
                            48.87918
                        ]
                    ]
                ]
            },
            "properties": {
                "num_emprise": "EC412328",
                "cp_arrondissement": "75010",
                "date_debut": "2025-01-06",
                "date_fin": "2025-08-29",
                "demande_cite_id": "881525",
                "chantier_cite_id": "269235",
                "lon": 2.370064353686277,
                "lat": 48.87900452437678
            }
        },
        {
            "type": "Feature",
            "geometry": {
                "type": "Polygon",
                "coordinates": [
                    [
                        [
                            2.330096,
                            48.892096
                        ],
                        [
                            2.330044,
                            48.89211
                        ],
                        [
                            2.330151,
                            48.892278
                        ],
                        [
                            2.330201,
                            48.892261
                        ],
                        [
                            2.330096,
                            48.892096
                        ]
                    ]
                ]
            },
            "properties": {
                "num_emprise": "EC413139",
                "cp_arrondissement": "75018",
                "date_debut": "2025-03-03",
                "date_fin": "2025-07-04",
                "demande_cite_id": "882090",
                "chantier_cite_id": "269733",
                "lon": 2.330122906353771,
                "lat": 48.892186388987504
            }
        },
        {
            "type": "Feature",
            "geometry": {
                "type": "Polygon",
                "coordinates": [
                    [
                        [
                            2.369591,
                            48.874607
                        ],
                        [
                            2.36965,
                            48.874623
                        ],
                        [
                            2.369983,
                            48.87418
                        ],
                        [
                            2.369934,
                            48.87416
                        ],
                        [
                            2.369591,
                            48.874607
                        ]
                    ]
                ]
            },
            "properties": {
                "num_emprise": "EC422863",
                "cp_arrondissement": "75010",
                "date_debut": "2024-12-18",
                "date_fin": "2025-07-25",
                "demande_cite_id": "889706",
                "chantier_cite_id": "275865",
                "lon": 2.369786428935184,
                "lat": 48.87439608656568
            }
        },
        {
            "type": "Feature",
            "geometry": {
                "type": "Polygon",
                "coordinates": [
                    [
                        [
                            2.311573,
                            48.848844
                        ],
                        [
                            2.311575,
                            48.84886
                        ],
                        [
                            2.31204,
                            48.848838
                        ],
                        [
                            2.31207,
                            48.84876
                        ],
                        [
                            2.311564,
                            48.848782
                        ],
                        [
                            2.311573,
                            48.848844
                        ]
                    ]
                ]
            },
            "properties": {
                "num_emprise": "EC427471",
                "cp_arrondissement": "75007",
                "date_debut": "2024-12-09",
                "date_fin": "2025-09-05",
                "demande_cite_id": "893293",
                "chantier_cite_id": "278736",
                "lon": 2.3118121719126363,
                "lat": 48.8488095259964
            }
        },
        {
            "type": "Feature",
            "geometry": {
                "type": "Polygon",
                "coordinates": [
                    [
                        [
                            2.33497,
                            48.831582
                        ],
                        [
                            2.33502,
                            48.831567
                        ],
                        [
                            2.334862,
                            48.831303
                        ],
                        [
                            2.334799,
                            48.831321
                        ],
                        [
                            2.33497,
                            48.831582
                        ]
                    ]
                ]
            },
            "properties": {
                "num_emprise": "EC428061",
                "cp_arrondissement": "75014",
                "date_debut": "2025-01-22",
                "date_fin": "2025-07-25",
                "demande_cite_id": "893862",
                "chantier_cite_id": "279139",
                "lon": 2.334909890968275,
                "lat": 48.83143857509683
            }
        },
        {
            "type": "Feature",
            "geometry": {
                "type": "Polygon",
                "coordinates": [
                    [
                        [
                            2.409506,
                            48.846164
                        ],
                        [
                            2.40946,
                            48.84617
                        ],
                        [
                            2.409549,
                            48.846442
                        ],
                        [
                            2.409594,
                            48.846436
                        ],
                        [
                            2.409506,
                            48.846164
                        ]
                    ]
                ]
            },
            "properties": {
                "num_emprise": "EC430532",
                "cp_arrondissement": "75012",
                "date_debut": "2025-03-03",
                "date_fin": "2025-09-26",
                "demande_cite_id": "895785",
                "chantier_cite_id": "280729",
                "lon": 2.4095268911160574,
                "lat": 48.84630243122773
            }
        },
        {
            "type": "Feature",
            "geometry": {
                "type": "Polygon",
                "coordinates": [
                    [
                        [
                            2.335742,
                            48.833201
                        ],
                        [
                            2.335848,
                            48.833326
                        ],
                        [
                            2.335966,
                            48.833298
                        ],
                        [
                            2.335866,
                            48.833164
                        ],
                        [
                            2.335742,
                            48.833201
                        ]
                    ]
                ]
            },
            "properties": {
                "num_emprise": "EC431620",
                "cp_arrondissement": "75014",
                "date_debut": "2025-01-26",
                "date_fin": "2025-08-31",
                "demande_cite_id": "896616",
                "chantier_cite_id": "281428",
                "lon": 2.3358552945564743,
                "lat": 48.833246478001854
            }
        },
        {
            "type": "Feature",
            "geometry": {
                "type": "Polygon",
                "coordinates": [
                    [
                        [
                            2.370196,
                            48.880288
                        ],
                        [
                            2.370209,
                            48.879652
                        ],
                        [
                            2.370109,
                            48.879657
                        ],
                        [
                            2.370105,
                            48.880216
                        ],
                        [
                            2.370101,
                            48.880708
                        ],
                        [
                            2.37036,
                            48.880708
                        ],
                        [
                            2.370364,
                            48.880288
                        ],
                        [
                            2.370196,
                            48.880288
                        ]
                    ]
                ]
            },
            "properties": {
                "num_emprise": "EC412327",
                "cp_arrondissement": "75010",
                "date_debut": "2025-01-06",
                "date_fin": "2025-08-29",
                "demande_cite_id": "881525",
                "chantier_cite_id": "269235",
                "lon": 2.3702046695338432,
                "lat": 48.88030832871909
            }
        },
        {
            "type": "Feature",
            "geometry": {
                "type": "Polygon",
                "coordinates": [
                    [
                        [
                            2.409027,
                            48.844799
                        ],
                        [
                            2.409094,
                            48.845079
                        ],
                        [
                            2.409136,
                            48.845058
                        ],
                        [
                            2.409075,
                            48.844812
                        ],
                        [
                            2.409027,
                            48.844799
                        ]
                    ]
                ]
            },
            "properties": {
                "num_emprise": "EC430535",
                "cp_arrondissement": "75012",
                "date_debut": "2025-03-03",
                "date_fin": "2025-09-26",
                "demande_cite_id": "895785",
                "chantier_cite_id": "280729",
                "lon": 2.4090828258381762,
                "lat": 48.84493804077943
            }
        },
        {
            "type": "Feature",
            "geometry": {
                "type": "Polygon",
                "coordinates": [
                    [
                        [
                            2.408538,
                            48.845157
                        ],
                        [
                            2.408506,
                            48.845178
                        ],
                        [
                            2.408561,
                            48.845201
                        ],
                        [
                            2.40855,
                            48.845211
                        ],
                        [
                            2.408571,
                            48.84522
                        ],
                        [
                            2.408612,
                            48.845186
                        ],
                        [
                            2.408538,
                            48.845157
                        ]
                    ]
                ]
            },
            "properties": {
                "num_emprise": "EC430533",
                "cp_arrondissement": "75012",
                "date_debut": "2025-03-03",
                "date_fin": "2025-09-26",
                "demande_cite_id": "895785",
                "chantier_cite_id": "280729",
                "lon": 2.408560757673966,
                "lat": 48.845186081804
            }
        },
        {
            "type": "Feature",
            "geometry": {
                "type": "Polygon",
                "coordinates": [
                    [
                        [
                            2.353239,
                            48.818435
                        ],
                        [
                            2.353268,
                            48.818442
                        ],
                        [
                            2.353302,
                            48.81827
                        ],
                        [
                            2.353254,
                            48.818281
                        ],
                        [
                            2.353184,
                            48.81825
                        ],
                        [
                            2.353175,
                            48.818273
                        ],
                        [
                            2.353271,
                            48.818307
                        ],
                        [
                            2.353239,
                            48.818435
                        ]
                    ]
                ]
            },
            "properties": {
                "num_emprise": "EC431987",
                "cp_arrondissement": "75013",
                "date_debut": "2025-02-17",
                "date_fin": "2025-04-11",
                "demande_cite_id": "896925",
                "chantier_cite_id": "281680",
                "lon": 2.3532560340868964,
                "lat": 48.818332088959316
            }
        },
        {
            "type": "Feature",
            "geometry": {
                "type": "Polygon",
                "coordinates": [
                    [
                        [
                            2.344406,
                            48.822849
                        ],
                        [
                            2.344389,
                            48.822855
                        ],
                        [
                            2.344485,
                            48.822943
                        ],
                        [
                            2.344501,
                            48.822935
                        ],
                        [
                            2.344406,
                            48.822849
                        ]
                    ]
                ]
            },
            "properties": {
                "num_emprise": "EC434375",
                "cp_arrondissement": "75013",
                "date_debut": "2025-02-10",
                "date_fin": "2025-05-16",
                "demande_cite_id": "898808",
                "chantier_cite_id": "283243",
                "lon": 2.3444460368955036,
                "lat": 48.82289599462487
            }
        },
        {
            "type": "Feature",
            "geometry": {
                "type": "Polygon",
                "coordinates": [
                    [
                        [
                            2.32216,
                            48.866393
                        ],
                        [
                            2.322093,
                            48.8663
                        ],
                        [
                            2.322163,
                            48.866243
                        ],
                        [
                            2.322217,
                            48.866163
                        ],
                        [
                            2.322258,
                            48.86607
                        ],
                        [
                            2.321851,
                            48.866003
                        ],
                        [
                            2.321714,
                            48.866128
                        ],
                        [
                            2.322063,
                            48.866348
                        ],
                        [
                            2.322109,
                            48.866409
                        ],
                        [
                            2.32216,
                            48.866393
                        ]
                    ]
                ]
            },
            "properties": {
                "num_emprise": "EC435487",
                "cp_arrondissement": "75008",
                "date_debut": "2025-03-03",
                "date_fin": "2025-10-31",
                "demande_cite_id": "899699",
                "chantier_cite_id": "283984",
                "lon": 2.3220026625455636,
                "lat": 48.86615856502696
            }
        },
        {
            "type": "Feature",
            "geometry": {
                "type": "Polygon",
                "coordinates": [
                    [
                        [
                            2.375228,
                            48.873419
                        ],
                        [
                            2.375265,
                            48.873419
                        ],
                        [
                            2.375528,
                            48.873189
                        ],
                        [
                            2.375506,
                            48.873165
                        ],
                        [
                            2.375476,
                            48.873153
                        ],
                        [
                            2.375184,
                            48.873412
                        ],
                        [
                            2.375195,
                            48.873418
                        ],
                        [
                            2.375228,
                            48.873419
                        ]
                    ]
                ]
            },
            "properties": {
                "num_emprise": "EC411376",
                "cp_arrondissement": "75010",
                "date_debut": "2025-01-13",
                "date_fin": "2025-08-08",
                "demande_cite_id": "880851",
                "chantier_cite_id": "268644",
                "lon": 2.3753635738360632,
                "lat": 48.87329258833082
            }
        },
        {
            "type": "Feature",
            "geometry": {
                "type": "Polygon",
                "coordinates": [
                    [
                        [
                            2.329529,
                            48.892634
                        ],
                        [
                            2.329513,
                            48.892601
                        ],
                        [
                            2.329242,
                            48.892655
                        ],
                        [
                            2.329255,
                            48.892689
                        ],
                        [
                            2.329529,
                            48.892634
                        ]
                    ]
                ]
            },
            "properties": {
                "num_emprise": "EC413137",
                "cp_arrondissement": "75018",
                "date_debut": "2025-03-03",
                "date_fin": "2025-07-11",
                "demande_cite_id": "882090",
                "chantier_cite_id": "269733",
                "lon": 2.3293839194290933,
                "lat": 48.892644792320574
            }
        },
        {
            "type": "Feature",
            "geometry": {
                "type": "Polygon",
                "coordinates": [
                    [
                        [
                            2.353174,
                            48.818062
                        ],
                        [
                            2.353177,
                            48.818163
                        ],
                        [
                            2.353222,
                            48.81816
                        ],
                        [
                            2.353221,
                            48.818061
                        ],
                        [
                            2.353174,
                            48.818062
                        ]
                    ]
                ]
            },
            "properties": {
                "num_emprise": "EC431988",
                "cp_arrondissement": "75013",
                "date_debut": "2025-02-17",
                "date_fin": "2025-04-11",
                "demande_cite_id": "896925",
                "chantier_cite_id": "281680",
                "lon": 2.3531983895449105,
                "lat": 48.818111337391024
            }
        },
        {
            "type": "Feature",
            "geometry": {
                "type": "Polygon",
                "coordinates": [
                    [
                        [
                            2.348562,
                            48.894974
                        ],
                        [
                            2.348566,
                            48.894984
                        ],
                        [
                            2.348595,
                            48.894976
                        ],
                        [
                            2.34859,
                            48.894969
                        ],
                        [
                            2.348562,
                            48.894974
                        ]
                    ]
                ]
            },
            "properties": {
                "num_emprise": "EC437812",
                "cp_arrondissement": "75018",
                "date_debut": "2025-02-10",
                "date_fin": "2025-03-14",
                "demande_cite_id": "901563",
                "chantier_cite_id": "285492",
                "lon": 2.3485775300083724,
                "lat": 48.8949757516222
            }
        },
        {
            "type": "Feature",
            "geometry": {
                "type": "Polygon",
                "coordinates": [
                    [
                        [
                            2.38564,
                            48.878525
                        ],
                        [
                            2.385595,
                            48.878282
                        ],
                        [
                            2.385516,
                            48.878282
                        ],
                        [
                            2.385566,
                            48.878508
                        ],
                        [
                            2.38564,
                            48.878525
                        ]
                    ]
                ]
            },
            "properties": {
                "num_emprise": "EC407569",
                "cp_arrondissement": "75019",
                "date_debut": "2024-10-07",
                "date_fin": "2025-06-13",
                "demande_cite_id": "877775",
                "chantier_cite_id": "266161",
                "lon": 2.385579369731076,
                "lat": 48.87839699477898
            }
        },
        {
            "type": "Feature",
            "geometry": {
                "type": "Polygon",
                "coordinates": [
                    [
                        [
                            2.368,
                            48.884227
                        ],
                        [
                            2.367994,
                            48.884175
                        ],
                        [
                            2.36826,
                            48.884159
                        ],
                        [
                            2.36816,
                            48.884091
                        ],
                        [
                            2.368061,
                            48.884058
                        ],
                        [
                            2.366987,
                            48.884123
                        ],
                        [
                            2.366946,
                            48.88417
                        ],
                        [
                            2.366954,
                            48.88422
                        ],
                        [
                            2.367268,
                            48.884197
                        ],
                        [
                            2.367264,
                            48.884164
                        ],
                        [
                            2.367414,
                            48.884157
                        ],
                        [
                            2.367413,
                            48.884141
                        ],
                        [
                            2.367902,
                            48.88411
                        ],
                        [
                            2.367908,
                            48.884156
                        ],
                        [
                            2.367802,
                            48.884161
                        ],
                        [
                            2.367806,
                            48.884192
                        ],
                        [
                            2.367922,
                            48.884187
                        ],
                        [
                            2.367927,
                            48.884232
                        ],
                        [
                            2.367779,
                            48.884242
                        ],
                        [
                            2.367817,
                            48.884271
                        ],
                        [
                            2.368021,
                            48.884258
                        ],
                        [
                            2.368043,
                            48.884223
                        ],
                        [
                            2.368,
                            48.884227
                        ]
                    ]
                ]
            },
            "properties": {
                "num_emprise": "EC412329",
                "cp_arrondissement": "75019",
                "date_debut": "2025-01-06",
                "date_fin": "2025-08-29",
                "demande_cite_id": "881526",
                "chantier_cite_id": "269236",
                "lon": 2.3676312430177093,
                "lat": 48.88414431926062
            }
        },
        {
            "type": "Feature",
            "geometry": {
                "type": "Polygon",
                "coordinates": [
                    [
                        [
                            2.369998,
                            48.881164
                        ],
                        [
                            2.370058,
                            48.881166
                        ],
                        [
                            2.370073,
                            48.881145
                        ],
                        [
                            2.370078,
                            48.880754
                        ],
                        [
                            2.370048,
                            48.880757
                        ],
                        [
                            2.369999,
                            48.880758
                        ],
                        [
                            2.369998,
                            48.881164
                        ]
                    ]
                ]
            },
            "properties": {
                "num_emprise": "EC411377",
                "cp_arrondissement": "75010",
                "date_debut": "2025-01-13",
                "date_fin": "2025-08-08",
                "demande_cite_id": "880851",
                "chantier_cite_id": "268644",
                "lon": 2.3700367420895634,
                "lat": 48.88095840032257
            }
        },
        {
            "type": "Feature",
            "geometry": {
                "type": "Polygon",
                "coordinates": [
                    [
                        [
                            2.453052,
                            48.835854
                        ],
                        [
                            2.453093,
                            48.835858
                        ],
                        [
                            2.45311,
                            48.835809
                        ],
                        [
                            2.451606,
                            48.835328
                        ],
                        [
                            2.450876,
                            48.835104
                        ],
                        [
                            2.448749,
                            48.834558
                        ],
                        [
                            2.447153,
                            48.834258
                        ],
                        [
                            2.445669,
                            48.833997
                        ],
                        [
                            2.445643,
                            48.834035
                        ],
                        [
                            2.447423,
                            48.834336
                        ],
                        [
                            2.447946,
                            48.834421
                        ],
                        [
                            2.449599,
                            48.834798
                        ],
                        [
                            2.451183,
                            48.835229
                        ],
                        [
                            2.451939,
                            48.835475
                        ],
                        [
                            2.453052,
                            48.835854
                        ]
                    ]
                ]
            },
            "properties": {
                "num_emprise": "EC431512",
                "cp_arrondissement": "75012",
                "date_debut": "2025-01-20",
                "date_fin": "2025-04-30",
                "demande_cite_id": "896519",
                "chantier_cite_id": "281342",
                "lon": 2.4496650290848128,
                "lat": 48.83488290830786
            }
        },
        {
            "type": "Feature",
            "geometry": {
                "type": "MultiPolygon",
                "coordinates": [
                    [
                        [
                            [
                                2.371937,
                                48.876251
                            ],
                            [
                                2.371937,
                                48.876251
                            ],
                            [
                                2.371938,
                                48.87625
                            ],
                            [
                                2.371937,
                                48.876251
                            ]
                        ]
                    ],
                    [
                        [
                            [
                                2.371937,
                                48.876251
                            ],
                            [
                                2.371657,
                                48.876497
                            ],
                            [
                                2.37168,
                                48.876507
                            ],
                            [
                                2.371732,
                                48.876495
                            ],
                            [
                                2.37195,
                                48.876303
                            ],
                            [
                                2.371986,
                                48.876272
                            ],
                            [
                                2.371937,
                                48.876251
                            ]
                        ]
                    ]
                ]
            },
            "properties": {
                "num_emprise": "EC411374",
                "cp_arrondissement": "75010",
                "date_debut": "2025-01-13",
                "date_fin": "2025-08-08",
                "demande_cite_id": "880850",
                "chantier_cite_id": "268643",
                "lon": 2.3718242512898193,
                "lat": 48.876381636445224
            }
        },
        {
            "type": "Feature",
            "geometry": {
                "type": "Polygon",
                "coordinates": [
                    [
                        [
                            2.342036,
                            48.891357
                        ],
                        [
                            2.341998,
                            48.891376
                        ],
                        [
                            2.3421,
                            48.891618
                        ],
                        [
                            2.342149,
                            48.89162
                        ],
                        [
                            2.342036,
                            48.891357
                        ]
                    ]
                ]
            },
            "properties": {
                "num_emprise": "EC404591",
                "cp_arrondissement": "75018",
                "date_debut": "2025-02-17",
                "date_fin": "2025-04-04",
                "demande_cite_id": "875205",
                "chantier_cite_id": "264098",
                "lon": 2.3420714232237136,
                "lat": 48.89149382147702
            }
        },
        {
            "type": "Feature",
            "geometry": {
                "type": "Polygon",
                "coordinates": [
                    [
                        [
                            2.384685,
                            48.879211
                        ],
                        [
                            2.384945,
                            48.879113
                        ],
                        [
                            2.384896,
                            48.8791
                        ],
                        [
                            2.384675,
                            48.879184
                        ],
                        [
                            2.384661,
                            48.879202
                        ],
                        [
                            2.384685,
                            48.879211
                        ]
                    ]
                ]
            },
            "properties": {
                "num_emprise": "EC407570",
                "cp_arrondissement": "75019",
                "date_debut": "2024-10-07",
                "date_fin": "2025-06-13",
                "demande_cite_id": "877775",
                "chantier_cite_id": "266161",
                "lon": 2.384796751008005,
                "lat": 48.87915394038321
            }
        },
        {
            "type": "Feature",
            "geometry": {
                "type": "Polygon",
                "coordinates": [
                    [
                        [
                            2.372092,
                            48.876553
                        ],
                        [
                            2.371702,
                            48.876895
                        ],
                        [
                            2.371782,
                            48.876924
                        ],
                        [
                            2.371868,
                            48.87685
                        ],
                        [
                            2.371896,
                            48.876864
                        ],
                        [
                            2.372193,
                            48.876611
                        ],
                        [
                            2.372092,
                            48.876553
                        ]
                    ]
                ]
            },
            "properties": {
                "num_emprise": "EC412556",
                "cp_arrondissement": "75019",
                "date_debut": "2024-12-12",
                "date_fin": "2025-07-25",
                "demande_cite_id": "881710",
                "chantier_cite_id": "269385",
                "lon": 2.3719587313198836,
                "lat": 48.87673720681548
            }
        },
        {
            "type": "Feature",
            "geometry": {
                "type": "Polygon",
                "coordinates": [
                    [
                        [
                            2.333629,
                            48.867078
                        ],
                        [
                            2.333662,
                            48.867083
                        ],
                        [
                            2.333674,
                            48.867057
                        ],
                        [
                            2.333642,
                            48.867053
                        ],
                        [
                            2.333629,
                            48.867078
                        ]
                    ]
                ]
            },
            "properties": {
                "num_emprise": "EC431458",
                "cp_arrondissement": "75001",
                "date_debut": "2025-03-03",
                "date_fin": "2025-03-07",
                "demande_cite_id": "896462",
                "chantier_cite_id": "281301",
                "lon": 2.3336518053520408,
                "lat": 48.86706802153108
            }
        },
        {
            "type": "Feature",
            "geometry": {
                "type": "Polygon",
                "coordinates": [
                    [
                        [
                            2.366444,
                            48.876893
                        ],
                        [
                            2.366269,
                            48.876958
                        ],
                        [
                            2.366301,
                            48.876985
                        ],
                        [
                            2.366472,
                            48.876919
                        ],
                        [
                            2.366444,
                            48.876893
                        ]
                    ]
                ]
            },
            "properties": {
                "num_emprise": "EC421915",
                "cp_arrondissement": "75010",
                "date_debut": "2024-11-04",
                "date_fin": "2025-03-28",
                "demande_cite_id": "888950",
                "chantier_cite_id": "275235",
                "lon": 2.3663707721879055,
                "lat": 48.87693907172674
            }
        },
        {
            "type": "Feature",
            "geometry": {
                "type": "Polygon",
                "coordinates": [
                    [
                        [
                            2.360307,
                            48.884808
                        ],
                        [
                            2.360455,
                            48.884811
                        ],
                        [
                            2.360607,
                            48.884651
                        ],
                        [
                            2.360611,
                            48.884625
                        ],
                        [
                            2.360542,
                            48.884609
                        ],
                        [
                            2.360468,
                            48.884639
                        ],
                        [
                            2.360307,
                            48.884808
                        ]
                    ]
                ]
            },
            "properties": {
                "num_emprise": "EC434864",
                "cp_arrondissement": "75018",
                "date_debut": "2025-02-24",
                "date_fin": "2025-11-30",
                "demande_cite_id": "899196",
                "chantier_cite_id": "283577",
                "lon": 2.360469873886218,
                "lat": 48.88471581202641
            }
        },
        {
            "type": "Feature",
            "geometry": {
                "type": "Polygon",
                "coordinates": [
                    [
                        [
                            2.372507,
                            48.836561
                        ],
                        [
                            2.372333,
                            48.836475
                        ],
                        [
                            2.372404,
                            48.836422
                        ],
                        [
                            2.372499,
                            48.836347
                        ],
                        [
                            2.372519,
                            48.836331
                        ],
                        [
                            2.372887,
                            48.836039
                        ],
                        [
                            2.373055,
                            48.836132
                        ],
                        [
                            2.373087,
                            48.836108
                        ],
                        [
                            2.372917,
                            48.836016
                        ],
                        [
                            2.372942,
                            48.835995
                        ],
                        [
                            2.37287,
                            48.835966
                        ],
                        [
                            2.372669,
                            48.836124
                        ],
                        [
                            2.372694,
                            48.836137
                        ],
                        [
                            2.372667,
                            48.836159
                        ],
                        [
                            2.372659,
                            48.836155
                        ],
                        [
                            2.372504,
                            48.836276
                        ],
                        [
                            2.372492,
                            48.836286
                        ],
                        [
                            2.372347,
                            48.836405
                        ],
                        [
                            2.372355,
                            48.83641
                        ],
                        [
                            2.372258,
                            48.836485
                        ],
                        [
                            2.372234,
                            48.836469
                        ],
                        [
                            2.372219,
                            48.83648
                        ],
                        [
                            2.372216,
                            48.836501
                        ],
                        [
                            2.372384,
                            48.836556
                        ],
                        [
                            2.372415,
                            48.836554
                        ],
                        [
                            2.372481,
                            48.836586
                        ],
                        [
                            2.372507,
                            48.836561
                        ]
                    ]
                ]
            },
            "properties": {
                "num_emprise": "EC404147",
                "cp_arrondissement": "75013",
                "date_debut": "2024-09-15",
                "date_fin": "2026-02-01",
                "demande_cite_id": "874818",
                "chantier_cite_id": "263806",
                "lon": 2.372614901676769,
                "lat": 48.83625430349747
            }
        },
        {
            "type": "Feature",
            "geometry": {
                "type": "Polygon",
                "coordinates": [
                    [
                        [
                            2.308199,
                            48.85283
                        ],
                        [
                            2.308337,
                            48.852742
                        ],
                        [
                            2.308347,
                            48.852721
                        ],
                        [
                            2.308288,
                            48.852674
                        ],
                        [
                            2.308121,
                            48.852781
                        ],
                        [
                            2.307972,
                            48.852879
                        ],
                        [
                            2.308056,
                            48.852918
                        ],
                        [
                            2.308199,
                            48.85283
                        ]
                    ]
                ]
            },
            "properties": {
                "num_emprise": "EC405953",
                "cp_arrondissement": "75007",
                "date_debut": "2024-12-09",
                "date_fin": "2025-09-05",
                "demande_cite_id": "876408",
                "chantier_cite_id": "265060",
                "lon": 2.308168858261438,
                "lat": 48.85279887424591
            }
        },
        {
            "type": "Feature",
            "geometry": {
                "type": "Polygon",
                "coordinates": [
                    [
                        [
                            2.38304,
                            48.876809
                        ],
                        [
                            2.382977,
                            48.876739
                        ],
                        [
                            2.382938,
                            48.876757
                        ],
                        [
                            2.382998,
                            48.876824
                        ],
                        [
                            2.38304,
                            48.876809
                        ]
                    ]
                ]
            },
            "properties": {
                "num_emprise": "EC407575",
                "cp_arrondissement": "75019",
                "date_debut": "2024-10-07",
                "date_fin": "2025-06-13",
                "demande_cite_id": "877775",
                "chantier_cite_id": "266161",
                "lon": 2.3829886020193087,
                "lat": 48.8767819544718
            }
        },
        {
            "type": "Feature",
            "geometry": {
                "type": "Polygon",
                "coordinates": [
                    [
                        [
                            2.382585,
                            48.876288
                        ],
                        [
                            2.382542,
                            48.876302
                        ],
                        [
                            2.382678,
                            48.876459
                        ],
                        [
                            2.382717,
                            48.876443
                        ],
                        [
                            2.382585,
                            48.876288
                        ]
                    ]
                ]
            },
            "properties": {
                "num_emprise": "EC407576",
                "cp_arrondissement": "75019",
                "date_debut": "2024-10-07",
                "date_fin": "2025-06-13",
                "demande_cite_id": "877775",
                "chantier_cite_id": "266161",
                "lon": 2.3826295376277917,
                "lat": 48.87637237719951
            }
        },
        {
            "type": "Feature",
            "geometry": {
                "type": "Polygon",
                "coordinates": [
                    [
                        [
                            2.364005,
                            48.884437
                        ],
                        [
                            2.364007,
                            48.884332
                        ],
                        [
                            2.363868,
                            48.884332
                        ],
                        [
                            2.363871,
                            48.884311
                        ],
                        [
                            2.36395,
                            48.884312
                        ],
                        [
                            2.363917,
                            48.884289
                        ],
                        [
                            2.362744,
                            48.884291
                        ],
                        [
                            2.362699,
                            48.884326
                        ],
                        [
                            2.362537,
                            48.884321
                        ],
                        [
                            2.362539,
                            48.884371
                        ],
                        [
                            2.362218,
                            48.884369
                        ],
                        [
                            2.36221,
                            48.884328
                        ],
                        [
                            2.362106,
                            48.884326
                        ],
                        [
                            2.362099,
                            48.884351
                        ],
                        [
                            2.361874,
                            48.884348
                        ],
                        [
                            2.361873,
                            48.884324
                        ],
                        [
                            2.361696,
                            48.884324
                        ],
                        [
                            2.361699,
                            48.884344
                        ],
                        [
                            2.361655,
                            48.884346
                        ],
                        [
                            2.361656,
                            48.884458
                        ],
                        [
                            2.361735,
                            48.884459
                        ],
                        [
                            2.361731,
                            48.88443
                        ],
                        [
                            2.361855,
                            48.884428
                        ],
                        [
                            2.361852,
                            48.884477
                        ],
                        [
                            2.361804,
                            48.884477
                        ],
                        [
                            2.36185,
                            48.884505
                        ],
                        [
                            2.363745,
                            48.884497
                        ],
                        [
                            2.363762,
                            48.884468
                        ],
                        [
                            2.363725,
                            48.884469
                        ],
                        [
                            2.363727,
                            48.884442
                        ],
                        [
                            2.364005,
                            48.884437
                        ]
                    ]
                ]
            },
            "properties": {
                "num_emprise": "EC412564",
                "cp_arrondissement": "75018",
                "date_debut": "2025-02-03",
                "date_fin": "2025-11-28",
                "demande_cite_id": "881714",
                "chantier_cite_id": "269387",
                "lon": 2.3628907564857013,
                "lat": 48.88440189989759
            }
        },
        {
            "type": "Feature",
            "geometry": {
                "type": "Polygon",
                "coordinates": [
                    [
                        [
                            2.33356,
                            48.829439
                        ],
                        [
                            2.333611,
                            48.829425
                        ],
                        [
                            2.333399,
                            48.829141
                        ],
                        [
                            2.33336,
                            48.829152
                        ],
                        [
                            2.33356,
                            48.829439
                        ]
                    ]
                ]
            },
            "properties": {
                "num_emprise": "EC428062",
                "cp_arrondissement": "75014",
                "date_debut": "2025-01-22",
                "date_fin": "2025-07-25",
                "demande_cite_id": "893862",
                "chantier_cite_id": "279139",
                "lon": 2.333487353691257,
                "lat": 48.82929587022663
            }
        },
        {
            "type": "Feature",
            "geometry": {
                "type": "Polygon",
                "coordinates": [
                    [
                        [
                            2.394405,
                            48.856671
                        ],
                        [
                            2.394086,
                            48.856838
                        ],
                        [
                            2.394136,
                            48.856882
                        ],
                        [
                            2.394429,
                            48.856714
                        ],
                        [
                            2.394405,
                            48.856671
                        ]
                    ]
                ]
            },
            "properties": {
                "num_emprise": "EC428979",
                "cp_arrondissement": "75020",
                "date_debut": "2025-01-13",
                "date_fin": "2025-03-14",
                "demande_cite_id": "894611",
                "chantier_cite_id": "279736",
                "lon": 2.3942584213228453,
                "lat": 48.856778960963034
            }
        },
        {
            "type": "Feature",
            "geometry": {
                "type": "Polygon",
                "coordinates": [
                    [
                        [
                            2.383769,
                            48.875511
                        ],
                        [
                            2.383849,
                            48.875516
                        ],
                        [
                            2.384011,
                            48.875371
                        ],
                        [
                            2.384027,
                            48.875291
                        ],
                        [
                            2.383865,
                            48.875409
                        ],
                        [
                            2.383769,
                            48.875511
                        ]
                    ]
                ]
            },
            "properties": {
                "num_emprise": "EC407573",
                "cp_arrondissement": "75019",
                "date_debut": "2024-10-07",
                "date_fin": "2025-06-13",
                "demande_cite_id": "877775",
                "chantier_cite_id": "266161",
                "lon": 2.383907454191013,
                "lat": 48.875419990127085
            }
        },
        {
            "type": "Feature",
            "geometry": {
                "type": "Polygon",
                "coordinates": [
                    [
                        [
                            2.331674,
                            48.888749
                        ],
                        [
                            2.331282,
                            48.888954
                        ],
                        [
                            2.331326,
                            48.888984
                        ],
                        [
                            2.331648,
                            48.888813
                        ],
                        [
                            2.331673,
                            48.888777
                        ],
                        [
                            2.331674,
                            48.888749
                        ]
                    ]
                ]
            },
            "properties": {
                "num_emprise": "EC413140",
                "cp_arrondissement": "75018",
                "date_debut": "2025-03-03",
                "date_fin": "2025-07-11",
                "demande_cite_id": "882090",
                "chantier_cite_id": "269733",
                "lon": 2.331483748520995,
                "lat": 48.88887356198066
            }
        },
        {
            "type": "Feature",
            "geometry": {
                "type": "Polygon",
                "coordinates": [
                    [
                        [
                            2.383552,
                            48.878097
                        ],
                        [
                            2.383066,
                            48.878158
                        ],
                        [
                            2.383078,
                            48.87819
                        ],
                        [
                            2.383361,
                            48.878156
                        ],
                        [
                            2.383395,
                            48.878141
                        ],
                        [
                            2.383558,
                            48.878122
                        ],
                        [
                            2.383552,
                            48.878097
                        ]
                    ]
                ]
            },
            "properties": {
                "num_emprise": "EC407572",
                "cp_arrondissement": "75019",
                "date_debut": "2024-10-07",
                "date_fin": "2025-06-13",
                "demande_cite_id": "877775",
                "chantier_cite_id": "266161",
                "lon": 2.383299257632233,
                "lat": 48.878144455012006
            }
        },
        {
            "type": "Feature",
            "geometry": {
                "type": "Polygon",
                "coordinates": [
                    [
                        [
                            2.370481,
                            48.881705
                        ],
                        [
                            2.370421,
                            48.881728
                        ],
                        [
                            2.370417,
                            48.882084
                        ],
                        [
                            2.370483,
                            48.882118
                        ],
                        [
                            2.370481,
                            48.881705
                        ]
                    ]
                ]
            },
            "properties": {
                "num_emprise": "EC412326",
                "cp_arrondissement": "75019",
                "date_debut": "2025-01-06",
                "date_fin": "2025-08-29",
                "demande_cite_id": "881525",
                "chantier_cite_id": "269235",
                "lon": 2.3704513697417955,
                "lat": 48.88191244803799
            }
        },
        {
            "type": "Feature",
            "geometry": {
                "type": "Polygon",
                "coordinates": [
                    [
                        [
                            2.366029,
                            48.877546
                        ],
                        [
                            2.366018,
                            48.877538
                        ],
                        [
                            2.36597,
                            48.877495
                        ],
                        [
                            2.365961,
                            48.87746
                        ],
                        [
                            2.365917,
                            48.877412
                        ],
                        [
                            2.365866,
                            48.877437
                        ],
                        [
                            2.365818,
                            48.877497
                        ],
                        [
                            2.36574,
                            48.877522
                        ],
                        [
                            2.365728,
                            48.877535
                        ],
                        [
                            2.36575,
                            48.877566
                        ],
                        [
                            2.365773,
                            48.877556
                        ],
                        [
                            2.365789,
                            48.877565
                        ],
                        [
                            2.365821,
                            48.877601
                        ],
                        [
                            2.365877,
                            48.877577
                        ],
                        [
                            2.365909,
                            48.877571
                        ],
                        [
                            2.365948,
                            48.877583
                        ],
                        [
                            2.366029,
                            48.877546
                        ]
                    ]
                ]
            },
            "properties": {
                "num_emprise": "EC422636",
                "cp_arrondissement": "75010",
                "date_debut": "2024-10-14",
                "date_fin": "2025-03-28",
                "demande_cite_id": "889494",
                "chantier_cite_id": "275683",
                "lon": 2.3658834071071255,
                "lat": 48.87751798396114
            }
        },
        {
            "type": "Feature",
            "geometry": {
                "type": "Polygon",
                "coordinates": [
                    [
                        [
                            2.396819,
                            48.839333
                        ],
                        [
                            2.396935,
                            48.839276
                        ],
                        [
                            2.396915,
                            48.839261
                        ],
                        [
                            2.396801,
                            48.839309
                        ],
                        [
                            2.396819,
                            48.839333
                        ]
                    ]
                ]
            },
            "properties": {
                "num_emprise": "EC431997",
                "cp_arrondissement": "75012",
                "date_debut": "2025-02-17",
                "date_fin": "2025-03-17",
                "demande_cite_id": "896928",
                "chantier_cite_id": "281683",
                "lon": 2.396864907084072,
                "lat": 48.839296045000744
            }
        },
        {
            "type": "Feature",
            "geometry": {
                "type": "Polygon",
                "coordinates": [
                    [
                        [
                            2.38401,
                            48.878206
                        ],
                        [
                            2.384032,
                            48.878283
                        ],
                        [
                            2.384092,
                            48.878276
                        ],
                        [
                            2.384079,
                            48.878231
                        ],
                        [
                            2.384045,
                            48.878163
                        ],
                        [
                            2.38401,
                            48.878206
                        ]
                    ]
                ]
            },
            "properties": {
                "num_emprise": "EC407571",
                "cp_arrondissement": "75019",
                "date_debut": "2024-10-07",
                "date_fin": "2025-06-13",
                "demande_cite_id": "877775",
                "chantier_cite_id": "266161",
                "lon": 2.384048255588042,
                "lat": 48.87823220863401
            }
        },
        {
            "type": "Feature",
            "geometry": {
                "type": "Polygon",
                "coordinates": [
                    [
                        [
                            2.365925,
                            48.884333
                        ],
                        [
                            2.365914,
                            48.884208
                        ],
                        [
                            2.365874,
                            48.88418
                        ],
                        [
                            2.365708,
                            48.88419
                        ],
                        [
                            2.365683,
                            48.884219
                        ],
                        [
                            2.365729,
                            48.884218
                        ],
                        [
                            2.365736,
                            48.88425
                        ],
                        [
                            2.365532,
                            48.884262
                        ],
                        [
                            2.36554,
                            48.88436
                        ],
                        [
                            2.365814,
                            48.884342
                        ],
                        [
                            2.36582,
                            48.884364
                        ],
                        [
                            2.365674,
                            48.884374
                        ],
                        [
                            2.365711,
                            48.8844
                        ],
                        [
                            2.36597,
                            48.884385
                        ],
                        [
                            2.366,
                            48.884356
                        ],
                        [
                            2.365925,
                            48.88436
                        ],
                        [
                            2.365925,
                            48.884333
                        ]
                    ]
                ]
            },
            "properties": {
                "num_emprise": "EC412330",
                "cp_arrondissement": "75019",
                "date_debut": "2025-01-06",
                "date_fin": "2025-08-29",
                "demande_cite_id": "881526",
                "chantier_cite_id": "269236",
                "lon": 2.365764667927813,
                "lat": 48.88429578590901
            }
        },
        {
            "type": "Feature",
            "geometry": {
                "type": "Polygon",
                "coordinates": [
                    [
                        [
                            2.394751,
                            48.856273
                        ],
                        [
                            2.394686,
                            48.856351
                        ],
                        [
                            2.394749,
                            48.856393
                        ],
                        [
                            2.394811,
                            48.856363
                        ],
                        [
                            2.394847,
                            48.856302
                        ],
                        [
                            2.394751,
                            48.856273
                        ]
                    ]
                ]
            },
            "properties": {
                "num_emprise": "EC428980",
                "cp_arrondissement": "75020",
                "date_debut": "2025-01-13",
                "date_fin": "2025-03-14",
                "demande_cite_id": "894611",
                "chantier_cite_id": "279736",
                "lon": 2.3947659390075366,
                "lat": 48.856331958736455
            }
        },
        {
            "type": "Feature",
            "geometry": {
                "type": "Polygon",
                "coordinates": [
                    [
                        [
                            2.376055,
                            48.873072
                        ],
                        [
                            2.375439,
                            48.873604
                        ],
                        [
                            2.375601,
                            48.873627
                        ],
                        [
                            2.375927,
                            48.873324
                        ],
                        [
                            2.375912,
                            48.873317
                        ],
                        [
                            2.376015,
                            48.873219
                        ],
                        [
                            2.376034,
                            48.873228
                        ],
                        [
                            2.376157,
                            48.873121
                        ],
                        [
                            2.376055,
                            48.873072
                        ]
                    ]
                ]
            },
            "properties": {
                "num_emprise": "EC412557",
                "cp_arrondissement": "75019",
                "date_debut": "2024-12-12",
                "date_fin": "2025-07-25",
                "demande_cite_id": "881710",
                "chantier_cite_id": "269385",
                "lon": 2.375796722151418,
                "lat": 48.8733662492737
            }
        },
        {
            "type": "Feature",
            "geometry": {
                "type": "Polygon",
                "coordinates": [
                    [
                        [
                            2.359529,
                            48.884475
                        ],
                        [
                            2.359556,
                            48.88451
                        ],
                        [
                            2.360208,
                            48.884506
                        ],
                        [
                            2.360509,
                            48.884481
                        ],
                        [
                            2.360513,
                            48.884459
                        ],
                        [
                            2.360419,
                            48.88446
                        ],
                        [
                            2.360335,
                            48.884476
                        ],
                        [
                            2.360135,
                            48.884477
                        ],
                        [
                            2.359856,
                            48.88448
                        ],
                        [
                            2.359529,
                            48.884475
                        ]
                    ]
                ]
            },
            "properties": {
                "num_emprise": "EC412563",
                "cp_arrondissement": "75018",
                "date_debut": "2025-02-03",
                "date_fin": "2025-11-28",
                "demande_cite_id": "881714",
                "chantier_cite_id": "269387",
                "lon": 2.3599977107471304,
                "lat": 48.88448970882736
            }
        },
        {
            "type": "Feature",
            "geometry": {
                "type": "Polygon",
                "coordinates": [
                    [
                        [
                            2.408785,
                            48.845285
                        ],
                        [
                            2.408966,
                            48.845357
                        ],
                        [
                            2.40899,
                            48.845339
                        ],
                        [
                            2.40897,
                            48.845331
                        ],
                        [
                            2.408819,
                            48.84527
                        ],
                        [
                            2.408805,
                            48.845265
                        ],
                        [
                            2.408785,
                            48.845285
                        ]
                    ]
                ]
            },
            "properties": {
                "num_emprise": "EC430536",
                "cp_arrondissement": "75012",
                "date_debut": "2025-03-03",
                "date_fin": "2025-09-26",
                "demande_cite_id": "895785",
                "chantier_cite_id": "280729",
                "lon": 2.408886446856472,
                "lat": 48.845311211846514
            }
        },
        {
            "type": "Feature",
            "geometry": {
                "type": "Polygon",
                "coordinates": [
                    [
                        [
                            2.344627,
                            48.823042
                        ],
                        [
                            2.344628,
                            48.823071
                        ],
                        [
                            2.344699,
                            48.823138
                        ],
                        [
                            2.344721,
                            48.823128
                        ],
                        [
                            2.344627,
                            48.823042
                        ]
                    ]
                ]
            },
            "properties": {
                "num_emprise": "EC434376",
                "cp_arrondissement": "75013",
                "date_debut": "2025-02-10",
                "date_fin": "2025-05-16",
                "demande_cite_id": "898808",
                "chantier_cite_id": "283243",
                "lon": 2.3446697016230913,
                "lat": 48.823094877198166
            }
        },
        {
            "type": "Feature",
            "geometry": {
                "type": "Polygon",
                "coordinates": [
                    [
                        [
                            2.41085,
                            48.842456
                        ],
                        [
                            2.410874,
                            48.842422
                        ],
                        [
                            2.410194,
                            48.842513
                        ],
                        [
                            2.410184,
                            48.842547
                        ],
                        [
                            2.41063,
                            48.84249
                        ],
                        [
                            2.410654,
                            48.842503
                        ],
                        [
                            2.410701,
                            48.842497
                        ],
                        [
                            2.410708,
                            48.842485
                        ],
                        [
                            2.410756,
                            48.842479
                        ],
                        [
                            2.41076,
                            48.842468
                        ],
                        [
                            2.41085,
                            48.842456
                        ]
                    ]
                ]
            },
            "properties": {
                "num_emprise": "EC430538",
                "cp_arrondissement": "75012",
                "date_debut": "2025-03-03",
                "date_fin": "2025-09-26",
                "demande_cite_id": "895785",
                "chantier_cite_id": "280729",
                "lon": 2.4105319789606976,
                "lat": 48.842486097272456
            }
        },
        {
            "type": "Feature",
            "geometry": {
                "type": "Polygon",
                "coordinates": [
                    [
                        [
                            2.259684,
                            48.84326
                        ],
                        [
                            2.259664,
                            48.843244
                        ],
                        [
                            2.259642,
                            48.843234
                        ],
                        [
                            2.259433,
                            48.843399
                        ],
                        [
                            2.259476,
                            48.843424
                        ],
                        [
                            2.259684,
                            48.84326
                        ]
                    ]
                ]
            },
            "properties": {
                "num_emprise": "EC433249",
                "cp_arrondissement": "75016",
                "date_debut": "2025-02-03",
                "date_fin": "2025-03-31",
                "demande_cite_id": "897939",
                "chantier_cite_id": "282534",
                "lon": 2.2595599296657434,
                "lat": 48.84332837305316
            }
        },
        {
            "type": "Feature",
            "geometry": {
                "type": "Polygon",
                "coordinates": [
                    [
                        [
                            2.322166,
                            48.866927
                        ],
                        [
                            2.322498,
                            48.8674
                        ],
                        [
                            2.322559,
                            48.867381
                        ],
                        [
                            2.322575,
                            48.867377
                        ],
                        [
                            2.322239,
                            48.866903
                        ],
                        [
                            2.322166,
                            48.866927
                        ]
                    ]
                ]
            },
            "properties": {
                "num_emprise": "EC435486",
                "cp_arrondissement": "75008",
                "date_debut": "2025-03-03",
                "date_fin": "2025-10-31",
                "demande_cite_id": "899699",
                "chantier_cite_id": "283984",
                "lon": 2.3223705393587952,
                "lat": 48.86715292318455
            }
        },
        {
            "type": "Feature",
            "geometry": {
                "type": "Polygon",
                "coordinates": [
                    [
                        [
                            2.374086,
                            48.874382
                        ],
                        [
                            2.373935,
                            48.874514
                        ],
                        [
                            2.373944,
                            48.874519
                        ],
                        [
                            2.374012,
                            48.874511
                        ],
                        [
                            2.374111,
                            48.87443
                        ],
                        [
                            2.374127,
                            48.874392
                        ],
                        [
                            2.374099,
                            48.87438
                        ],
                        [
                            2.374086,
                            48.874382
                        ]
                    ]
                ]
            },
            "properties": {
                "num_emprise": "EC411375",
                "cp_arrondissement": "75010",
                "date_debut": "2025-01-13",
                "date_fin": "2025-08-08",
                "demande_cite_id": "880851",
                "chantier_cite_id": "268644",
                "lon": 2.3740407808283317,
                "lat": 48.874452890547545
            }
        },
        {
            "type": "Feature",
            "geometry": {
                "type": "Polygon",
                "coordinates": [
                    [
                        [
                            2.336068,
                            48.891529
                        ],
                        [
                            2.335757,
                            48.891561
                        ],
                        [
                            2.335769,
                            48.891584
                        ],
                        [
                            2.336061,
                            48.891555
                        ],
                        [
                            2.336068,
                            48.891529
                        ]
                    ]
                ]
            },
            "properties": {
                "num_emprise": "EC404593",
                "cp_arrondissement": "75018",
                "date_debut": "2025-02-17",
                "date_fin": "2025-05-02",
                "demande_cite_id": "875205",
                "chantier_cite_id": "264098",
                "lon": 2.3359150315171195,
                "lat": 48.891556823659215
            }
        },
        {
            "type": "Feature",
            "geometry": {
                "type": "Polygon",
                "coordinates": [
                    [
                        [
                            2.390366,
                            48.852813
                        ],
                        [
                            2.390371,
                            48.852801
                        ],
                        [
                            2.39024,
                            48.852777
                        ],
                        [
                            2.390234,
                            48.852789
                        ],
                        [
                            2.390366,
                            48.852813
                        ]
                    ]
                ]
            },
            "properties": {
                "num_emprise": "EC437870",
                "cp_arrondissement": "75011",
                "date_debut": "2025-03-03",
                "date_fin": "2025-03-17",
                "demande_cite_id": "901610",
                "chantier_cite_id": "285539",
                "lon": 2.3903028285340495,
                "lat": 48.852795264925824
            }
        },
        {
            "type": "Feature",
            "geometry": {
                "type": "Polygon",
                "coordinates": [
                    [
                        [
                            2.342777,
                            48.891363
                        ],
                        [
                            2.342733,
                            48.89137
                        ],
                        [
                            2.342847,
                            48.891625
                        ],
                        [
                            2.342894,
                            48.891633
                        ],
                        [
                            2.342777,
                            48.891363
                        ]
                    ]
                ]
            },
            "properties": {
                "num_emprise": "EC404590",
                "cp_arrondissement": "75018",
                "date_debut": "2025-02-21",
                "date_fin": "2025-05-02",
                "demande_cite_id": "875205",
                "chantier_cite_id": "264098",
                "lon": 2.3428120612932055,
                "lat": 48.89149559447835
            }
        },
        {
            "type": "Feature",
            "geometry": {
                "type": "Polygon",
                "coordinates": [
                    [
                        [
                            2.383214,
                            48.875677
                        ],
                        [
                            2.383329,
                            48.87572
                        ],
                        [
                            2.383346,
                            48.875706
                        ],
                        [
                            2.383227,
                            48.875661
                        ],
                        [
                            2.383214,
                            48.875677
                        ]
                    ]
                ]
            },
            "properties": {
                "num_emprise": "EC407574",
                "cp_arrondissement": "75019",
                "date_debut": "2024-10-07",
                "date_fin": "2025-06-13",
                "demande_cite_id": "877775",
                "chantier_cite_id": "266161",
                "lon": 2.3832785885770695,
                "lat": 48.87569085631902
            }
        },
        {
            "type": "Feature",
            "geometry": {
                "type": "Polygon",
                "coordinates": [
                    [
                        [
                            2.453063,
                            48.83584
                        ],
                        [
                            2.453204,
                            48.835873
                        ],
                        [
                            2.453252,
                            48.835839
                        ],
                        [
                            2.453097,
                            48.835806
                        ],
                        [
                            2.453033,
                            48.835785
                        ],
                        [
                            2.45279,
                            48.835701
                        ],
                        [
                            2.452396,
                            48.835587
                        ],
                        [
                            2.452341,
                            48.835575
                        ],
                        [
                            2.452138,
                            48.835507
                        ],
                        [
                            2.451973,
                            48.835447
                        ],
                        [
                            2.451889,
                            48.835411
                        ],
                        [
                            2.451465,
                            48.835279
                        ],
                        [
                            2.451384,
                            48.835252
                        ],
                        [
                            2.450582,
                            48.835018
                        ],
                        [
                            2.450241,
                            48.834925
                        ],
                        [
                            2.44998,
                            48.834855
                        ],
                        [
                            2.449473,
                            48.834737
                        ],
                        [
                            2.449424,
                            48.834721
                        ],
                        [
                            2.449076,
                            48.834636
                        ],
                        [
                            2.448852,
                            48.834581
                        ],
                        [
                            2.448673,
                            48.834542
                        ],
                        [
                            2.448622,
                            48.834533
                        ],
                        [
                            2.448356,
                            48.834469
                        ],
                        [
                            2.448316,
                            48.834459
                        ],
                        [
                            2.447732,
                            48.834359
                        ],
                        [
                            2.447461,
                            48.834309
                        ],
                        [
                            2.447283,
                            48.834279
                        ],
                        [
                            2.446928,
                            48.834217
                        ],
                        [
                            2.446682,
                            48.834173
                        ],
                        [
                            2.446481,
                            48.834139
                        ],
                        [
                            2.446096,
                            48.834078
                        ],
                        [
                            2.445816,
                            48.834024
                        ],
                        [
                            2.445663,
                            48.834
                        ],
                        [
                            2.445665,
                            48.834001
                        ],
                        [
                            2.445645,
                            48.834033
                        ],
                        [
                            2.446245,
                            48.834125
                        ],
                        [
                            2.446741,
                            48.834204
                        ],
                        [
                            2.448083,
                            48.834441
                        ],
                        [
                            2.448101,
                            48.834442
                        ],
                        [
                            2.448149,
                            48.83445
                        ],
                        [
                            2.448466,
                            48.834519
                        ],
                        [
                            2.449561,
                            48.834788
                        ],
                        [
                            2.45038,
                            48.83499
                        ],
                        [
                            2.451432,
                            48.835294
                        ],
                        [
                            2.452196,
                            48.835561
                        ],
                        [
                            2.452685,
                            48.835701
                        ],
                        [
                            2.453063,
                            48.83584
                        ]
                    ]
                ]
            },
            "properties": {
                "num_emprise": "EC414640",
                "cp_arrondissement": "75012",
                "date_debut": "2025-01-13",
                "date_fin": "2025-07-04",
                "demande_cite_id": "883355",
                "chantier_cite_id": "270745",
                "lon": 2.4497522584162947,
                "lat": 48.83488988169079
            }
        },
        {
            "type": "Feature",
            "geometry": {
                "type": "Polygon",
                "coordinates": [
                    [
                        [
                            2.360786,
                            48.876095
                        ],
                        [
                            2.360762,
                            48.87605
                        ],
                        [
                            2.360638,
                            48.876083
                        ],
                        [
                            2.360687,
                            48.876167
                        ],
                        [
                            2.360807,
                            48.876138
                        ],
                        [
                            2.360786,
                            48.876095
                        ]
                    ]
                ]
            },
            "properties": {
                "num_emprise": "EC431289",
                "cp_arrondissement": "75010",
                "date_debut": "2025-01-20",
                "date_fin": "2025-03-14",
                "demande_cite_id": "896343",
                "chantier_cite_id": "281189",
                "lon": 2.360723688216317,
                "lat": 48.876108912832784
            }
        },
        {
            "type": "Feature",
            "geometry": {
                "type": "Polygon",
                "coordinates": [
                    [
                        [
                            2.407763,
                            48.844595
                        ],
                        [
                            2.407779,
                            48.844656
                        ],
                        [
                            2.407825,
                            48.844654
                        ],
                        [
                            2.407833,
                            48.844632
                        ],
                        [
                            2.408345,
                            48.844588
                        ],
                        [
                            2.408337,
                            48.844546
                        ],
                        [
                            2.407763,
                            48.844595
                        ]
                    ]
                ]
            },
            "properties": {
                "num_emprise": "EC430537",
                "cp_arrondissement": "75012",
                "date_debut": "2025-03-03",
                "date_fin": "2025-09-26",
                "demande_cite_id": "895785",
                "chantier_cite_id": "280729",
                "lon": 2.408043730788057,
                "lat": 48.84459404051509
            }
        },
        {
            "type": "Feature",
            "geometry": {
                "type": "Polygon",
                "coordinates": [
                    [
                        [
                            2.333594,
                            48.892285
                        ],
                        [
                            2.333641,
                            48.892285
                        ],
                        [
                            2.333617,
                            48.89204
                        ],
                        [
                            2.33357,
                            48.892045
                        ],
                        [
                            2.333594,
                            48.892285
                        ]
                    ]
                ]
            },
            "properties": {
                "num_emprise": "EC404594",
                "cp_arrondissement": "75018",
                "date_debut": "2025-02-26",
                "date_fin": "2025-05-16",
                "demande_cite_id": "875205",
                "chantier_cite_id": "264098",
                "lon": 2.333605356353476,
                "lat": 48.89216358050593
            }
        },
        {
            "type": "Feature",
            "geometry": {
                "type": "Polygon",
                "coordinates": [
                    [
                        [
                            2.381479,
                            48.877707
                        ],
                        [
                            2.382277,
                            48.877332
                        ],
                        [
                            2.382259,
                            48.877309
                        ],
                        [
                            2.382231,
                            48.877303
                        ],
                        [
                            2.38144,
                            48.877672
                        ],
                        [
                            2.381479,
                            48.877707
                        ]
                    ]
                ]
            },
            "properties": {
                "num_emprise": "EC407577",
                "cp_arrondissement": "75019",
                "date_debut": "2024-10-07",
                "date_fin": "2025-06-13",
                "demande_cite_id": "877775",
                "chantier_cite_id": "266161",
                "lon": 2.381856773094702,
                "lat": 48.87750390000993
            }
        },
        {
            "type": "Feature",
            "geometry": {
                "type": "Polygon",
                "coordinates": [
                    [
                        [
                            2.317716,
                            48.865034
                        ],
                        [
                            2.31696,
                            48.865016
                        ],
                        [
                            2.316958,
                            48.865059
                        ],
                        [
                            2.317629,
                            48.865072
                        ],
                        [
                            2.317716,
                            48.865034
                        ]
                    ]
                ]
            },
            "properties": {
                "num_emprise": "EC435464",
                "cp_arrondissement": "75008",
                "date_debut": "2025-03-03",
                "date_fin": "2025-10-31",
                "demande_cite_id": "899684",
                "chantier_cite_id": "283972",
                "lon": 2.317312263206638,
                "lat": 48.86504487247668
            }
        },
        {
            "type": "Feature",
            "geometry": {
                "type": "Polygon",
                "coordinates": [
                    [
                        [
                            2.373553,
                            48.834628
                        ],
                        [
                            2.373706,
                            48.834488
                        ],
                        [
                            2.373499,
                            48.834383
                        ],
                        [
                            2.373347,
                            48.834518
                        ],
                        [
                            2.373553,
                            48.834628
                        ]
                    ]
                ]
            },
            "properties": {
                "num_emprise": "EC422904",
                "cp_arrondissement": "75013",
                "date_debut": "2024-12-02",
                "date_fin": "2026-01-30",
                "demande_cite_id": "881280",
                "chantier_cite_id": "269023",
                "lon": 2.3735267750512494,
                "lat": 48.83450462904784
            }
        },
        {
            "type": "Feature",
            "geometry": {
                "type": "Polygon",
                "coordinates": [
                    [
                        [
                            2.393959,
                            48.857005
                        ],
                        [
                            2.393992,
                            48.857029
                        ],
                        [
                            2.394161,
                            48.856944
                        ],
                        [
                            2.394125,
                            48.856919
                        ],
                        [
                            2.393959,
                            48.857005
                        ]
                    ]
                ]
            },
            "properties": {
                "num_emprise": "EC428981",
                "cp_arrondissement": "75020",
                "date_debut": "2025-01-13",
                "date_fin": "2025-03-14",
                "demande_cite_id": "894611",
                "chantier_cite_id": "279736",
                "lon": 2.394059911759866,
                "lat": 48.85697410696438
            }
        },
        {
            "type": "Feature",
            "geometry": {
                "type": "Polygon",
                "coordinates": [
                    [
                        [
                            2.329429,
                            48.892071
                        ],
                        [
                            2.329319,
                            48.8919
                        ],
                        [
                            2.329268,
                            48.891917
                        ],
                        [
                            2.329378,
                            48.892083
                        ],
                        [
                            2.329429,
                            48.892071
                        ]
                    ]
                ]
            },
            "properties": {
                "num_emprise": "EC413138",
                "cp_arrondissement": "75018",
                "date_debut": "2025-03-03",
                "date_fin": "2025-07-04",
                "demande_cite_id": "882090",
                "chantier_cite_id": "269733",
                "lon": 2.3293479936411314,
                "lat": 48.89199151074128
            }
        },
        {
            "type": "Feature",
            "geometry": {
                "type": "Polygon",
                "coordinates": [
                    [
                        [
                            2.306256,
                            48.881379
                        ],
                        [
                            2.306298,
                            48.881415
                        ],
                        [
                            2.306467,
                            48.881339
                        ],
                        [
                            2.306425,
                            48.881302
                        ],
                        [
                            2.306256,
                            48.881379
                        ]
                    ]
                ]
            },
            "properties": {
                "num_emprise": "EC419411",
                "cp_arrondissement": "75017",
                "date_debut": "2024-11-07",
                "date_fin": "2025-03-31",
                "demande_cite_id": "886905",
                "chantier_cite_id": "273645",
                "lon": 2.3063616113675103,
                "lat": 48.881358791957446
            }
        },
        {
            "type": "Feature",
            "geometry": {
                "type": "Polygon",
                "coordinates": [
                    [
                        [
                            2.335761,
                            48.833192
                        ],
                        [
                            2.335852,
                            48.833325
                        ],
                        [
                            2.335951,
                            48.833301
                        ],
                        [
                            2.335865,
                            48.833165
                        ],
                        [
                            2.335761,
                            48.833192
                        ]
                    ]
                ]
            },
            "properties": {
                "num_emprise": "EC431621",
                "cp_arrondissement": "75014",
                "date_debut": "2025-02-02",
                "date_fin": "2025-08-31",
                "demande_cite_id": "896616",
                "chantier_cite_id": "281428",
                "lon": 2.3358569113061876,
                "lat": 48.83324528207491
            }
        },
        {
            "type": "Feature",
            "geometry": {
                "type": "Polygon",
                "coordinates": [
                    [
                        [
                            2.353369,
                            48.818264
                        ],
                        [
                            2.353344,
                            48.818264
                        ],
                        [
                            2.35334,
                            48.81832
                        ],
                        [
                            2.353366,
                            48.818362
                        ],
                        [
                            2.353369,
                            48.818264
                        ]
                    ]
                ]
            },
            "properties": {
                "num_emprise": "EC431986",
                "cp_arrondissement": "75013",
                "date_debut": "2025-02-17",
                "date_fin": "2025-04-11",
                "demande_cite_id": "896925",
                "chantier_cite_id": "281680",
                "lon": 2.3533556176133277,
                "lat": 48.81830403395281
            }
        },
        {
            "type": "Feature",
            "geometry": {
                "type": "Polygon",
                "coordinates": [
                    [
                        [
                            2.409693,
                            48.846553
                        ],
                        [
                            2.409963,
                            48.846529
                        ],
                        [
                            2.409961,
                            48.846519
                        ],
                        [
                            2.409946,
                            48.846503
                        ],
                        [
                            2.4097,
                            48.846526
                        ],
                        [
                            2.409689,
                            48.846542
                        ],
                        [
                            2.409693,
                            48.846553
                        ]
                    ]
                ]
            },
            "properties": {
                "num_emprise": "EC430534",
                "cp_arrondissement": "75012",
                "date_debut": "2025-03-03",
                "date_fin": "2025-09-26",
                "demande_cite_id": "895785",
                "chantier_cite_id": "280729",
                "lon": 2.409825639757925,
                "lat": 48.84652801311235
            }
        },
        {
            "type": "Feature",
            "geometry": {
                "type": "Polygon",
                "coordinates": [
                    [
                        [
                            2.311839,
                            48.850514
                        ],
                        [
                            2.311872,
                            48.850534
                        ],
                        [
                            2.312064,
                            48.850411
                        ],
                        [
                            2.312057,
                            48.850375
                        ],
                        [
                            2.312175,
                            48.850297
                        ],
                        [
                            2.312133,
                            48.850268
                        ],
                        [
                            2.311792,
                            48.850481
                        ],
                        [
                            2.311839,
                            48.850514
                        ]
                    ]
                ]
            },
            "properties": {
                "num_emprise": "EC405955",
                "cp_arrondissement": "75007",
                "date_debut": "2024-12-09",
                "date_fin": "2025-09-05",
                "demande_cite_id": "876408",
                "chantier_cite_id": "265060",
                "lon": 2.311974709224199,
                "lat": 48.850411435129374
            }
        },
        {
            "type": "Feature",
            "geometry": {
                "type": "Polygon",
                "coordinates": [
                    [
                        [
                            2.339907,
                            48.891463
                        ],
                        [
                            2.340194,
                            48.891666
                        ],
                        [
                            2.340325,
                            48.891758
                        ],
                        [
                            2.340367,
                            48.891733
                        ],
                        [
                            2.339945,
                            48.891442
                        ],
                        [
                            2.339907,
                            48.891463
                        ]
                    ]
                ]
            },
            "properties": {
                "num_emprise": "EC430667",
                "cp_arrondissement": "75018",
                "date_debut": "2025-02-10",
                "date_fin": "2025-11-14",
                "demande_cite_id": "895900",
                "chantier_cite_id": "280824",
                "lon": 2.3401410586608025,
                "lat": 48.891602594990054
            }
        }
    ]
}